{
  "explained_variance_pc1": 0.24841521831272673,
  "explained_variance_pc2": 0.14196009576833676,
  "silhouette_cohort_separation": 0.03922921452655093
}