{
  "hypotension": {
    "sufficiency_models": {
      "M1": 0.7237070290880019,
      "M2": {
        "auc": 0.8438307493540051,
        "ci_lo": 0.8055970721587757,
        "ci_hi": 0.8829877258104942
      },
      "M3": {
        "auc": 0.8437096253229975,
        "ci_lo": 0.8056571655994723,
        "ci_hi": 0.8828053342379277
      },
      "M4": {
        "auc": 0.8435885012919897,
        "ci_lo": 0.8053293462230401,
        "ci_hi": 0.8828053342379277
      },
      "M5": {
        "auc": 0.8435077519379844,
        "ci_lo": 0.8051935688533627,
        "ci_hi": 0.882625174712477
      },
      "M6": {
        "auc": 0.6453488372093024,
        "ci_lo": 0.5868054897549736,
        "ci_hi": 0.7026060116445583
      }
    },
    "subgroup_auc": {
      "age_low": 0.7039385612625942,
      "age_mid": 0.7508844126777849,
      "age_high": 0.7152301959370116,
      "sex_F": 0.6699999999999999,
      "sex_M": 0.7490091972850594,
      "asa_1_2": 0.7036167063517602,
      "asa_3plus": 0.7813159282700421,
      "bmi_normal": 0.711757443718228,
      "bmi_overweight": 0.7513227513227513,
      "bmi_obese": 0.75
    },
    "n_events": 505,
    "n_controls": 483
  },
  "hypertension": {
    "sufficiency_models": {
      "M1": 0.6609799861973775,
      "M2": {
        "auc": 0.8750932140193886,
        "ci_lo": 0.810481907894737,
        "ci_hi": 0.9310055916305916
      },
      "M3": {
        "auc": 0.8739746457867263,
        "ci_lo": 0.8072488038277512,
        "ci_hi": 0.9321109108781127
      },
      "M4": {
        "auc": 0.8713646532438477,
        "ci_lo": 0.803258295194508,
        "ci_hi": 0.9297666494133886
      },
      "M5": {
        "auc": 0.8732289336316182,
        "ci_lo": 0.8037455357142858,
        "ci_hi": 0.9303757262474367
      },
      "M6": {
        "auc": 0.6575316927665922,
        "ci_lo": 0.5359257192460316,
        "ci_hi": 0.7686066723814547
      }
    },
    "subgroup_auc": {
      "age_low": 0.691550925925926,
      "age_mid": 0.6424520658925196,
      "age_high": 0.63125,
      "sex_F": 0.677936507936508,
      "sex_M": 0.6554736554736554,
      "asa_1_2": 0.7099919697143513,
      "asa_3plus": 0.5640432098765431,
      "bmi_normal": 0.7186470588235294,
      "bmi_overweight": 0.5037957211870255,
      "bmi_obese": 0.8235294117647058
    },
    "n_events": 75,
    "n_controls": 483
  },
  "variability": {
    "sufficiency_models": {
      "M1": 0.6506774985035855,
      "M2": {
        "auc": 0.7629772359770327,
        "ci_lo": 0.7270573689481394,
        "ci_hi": 0.8044635011602123
      },
      "M3": {
        "auc": 0.7626867550374237,
        "ci_lo": 0.7267887071817668,
        "ci_hi": 0.8044060559626262
      },
      "M4": {
        "auc": 0.7626480242454756,
        "ci_lo": 0.7265404780510655,
        "ci_hi": 0.804432110155347
      },
      "M5": {
        "auc": 0.7627254858293716,
        "ci_lo": 0.7266368211010789,
        "ci_hi": 0.8044084278791347
      },
      "M6": {
        "auc": 0.5899377402519437,
        "ci_lo": 0.5389768000029176,
        "ci_hi": 0.6393040717318036
      }
    },
    "subgroup_auc": {
      "age_low": 0.6512302890820808,
      "age_mid": 0.6428644018583043,
      "age_high": 0.6509243450643462,
      "sex_F": 0.6504567143830948,
      "sex_M": 0.6458035904757216,
      "asa_1_2": 0.6583381850764511,
      "asa_3plus": 0.6179593105899076,
      "bmi_normal": 0.6529038230421931,
      "bmi_overweight": 0.6735383479569526,
      "bmi_obese": 0.4305555555555555
    },
    "n_events": 2442,
    "n_controls": 483
  }
}