stratum,r_cv_arv,ci_lo,ci_hi,n_windows,n_patients,p
"Clinic (all, presume MV)",0.8465836645572278,0.8379523625808023,0.85479155086146,4355,270,0.0
"MIMIC (all, presume ICU-MV)",0.9285692685646058,0.9209369574913605,0.9354895415101809,1384,51,0.0
VitalDB full (all ane_type),0.7144614142876009,0.6998041890924874,0.7285172913514701,4471,1080,0.0
VitalDB General+IPPV only,0.7148396797994632,0.7001429699209141,0.7289309160300028,4438,1072,0.0
VitalDB General ane_type only,0.7144614142876009,0.6998041890924874,0.7285172913514701,4471,1080,0.0
